DATA;TEMPERATURA MAXIMA;PRECIPITACAO
01/01/2018;24.41;0
02/01/2018;22.16;1
03/01/2018;25.54;1
04/01/2018;27.29;0
05/01/2018;28.63;0
06/01/2018;24.83;0
07/01/2018;24.88;1
08/01/2018;25.45;0
09/01/2018;24.31;0
10/01/2018;22.93;1
11/01/2018;24.18;0
12/01/2018;25.97;1
13/01/2018;22.08;1
14/01/2018;24.58;1
15/01/2018;24.08;1
16/01/2018;25.75;1
17/01/2018;26.31;1
18/01/2018;25.4;1
19/01/2018;25.55;1
20/01/2018;23.35;1
21/01/2018;22.28;1
22/01/2018;26.4;1
23/01/2018;25.05;1
24/01/2018;27.05;1
25/01/2018;25.39;1
26/01/2018;23.72;0
27/01/2018;24.92;0
28/01/2018;25.49;1
29/01/2018;25.81;1
30/01/2018;24.98;0
31/01/2018;26.39;0
01/02/2018;25.36;0
02/02/2018;26.01;1
03/02/2018;25.23;0
04/02/2018;25.23;0
05/02/2018;25.46;0
06/02/2018;26.27;0
07/02/2018;26.37;0
08/02/2018;27.9;0
09/02/2018;27.38;1
10/02/2018;25.32;1
11/02/2018;24.36;1
12/02/2018;21.6;1
13/02/2018;20.32;0
14/02/2018;20.77;0
15/02/2018;22.07;0
16/02/2018;23.51;0
17/02/2018;23.69;0
18/02/2018;23.13;1
19/02/2018;21.32;1
20/02/2018;22.71;1
21/02/2018;24.92;0
22/02/2018;23.51;0
23/02/2018;24.39;0
24/02/2018;25.32;0
25/02/2018;26.61;0
26/02/2018;26.11;0
27/02/2018;25.73;0
28/02/2018;23.88;1
01/03/2018;27.61;1
02/03/2018;26.95;1
03/03/2018;23.65;0
04/03/2018;24.61;1
05/03/2018;27.31;0
06/03/2018;25.91;0
07/03/2018;24.54;1
08/03/2018;24.9;0
09/03/2018;26.75;0
10/03/2018;27.5;0
11/03/2018;28.46;0
12/03/2018;26.93;0
13/03/2018;26.5;0
14/03/2018;21.81;1
15/03/2018;20.96;1
16/03/2018;25.07;1
17/03/2018;29.15;1
18/03/2018;29.33;1
19/03/2018;25.63;1
20/03/2018;23.18;1
21/03/2018;23.78;1
22/03/2018;23.34;0
23/03/2018;21.63;1
24/03/2018;28.02;1
25/03/2018;20.27;1
26/03/2018;20.02;1
27/03/2018;20.92;0
28/03/2018;24.01;1
29/03/2018;24.98;1
30/03/2018;23.64;1
31/03/2018;20.33;1
01/04/2018;22.98;1
02/04/2018;23.05;1
03/04/2018;23.32;0
04/04/2018;23.61;0
05/04/2018;24.57;0
06/04/2018;25.1;0
07/04/2018;25.24;0
08/04/2018;25.21;0
09/04/2018;25.48;0
10/04/2018;26.54;0
11/04/2018;26.64;1
12/04/2018;26.76;0
13/04/2018;23.25;0
14/04/2018;19.4;1
15/04/2018;18.11;1
16/04/2018;19.96;1
17/04/2018;22.07;0
18/04/2018;23.74;0
19/04/2018;24.81;0
20/04/2018;21.65;0
21/04/2018;25.24;0
22/04/2018;25.84;1
23/04/2018;24.36;1
24/04/2018;25.35;0
25/04/2018;25.23;1
26/04/2018;23.59;0
27/04/2018;25.73;0
28/04/2018;26.37;1
29/04/2018;25.79;0
30/04/2018;24.9;0
01/05/2018;21.83;0
02/05/2018;21;1
03/05/2018;26.43;0
04/05/2018;26.28;0
05/05/2018;25.55;1
06/05/2018;21.01;1
07/05/2018;22.28;1
08/05/2018;22.48;0
09/05/2018;22.67;1
10/05/2018;20.44;1
11/05/2018;19.78;1
12/05/2018;18.85;1
13/05/2018;20.01;0
14/05/2018;21.95;0
15/05/2018;19.29;0
16/05/2018;18.07;1
17/05/2018;16.41;0
18/05/2018;19.75;1
19/05/2018;14.37;1
20/05/2018;11.89;1
21/05/2018;15.39;0
22/05/2018;15.59;0
23/05/2018;9.89;0
24/05/2018;11.77;0
25/05/2018;14.47;0
26/05/2018;14.74;1
27/05/2018;20.61;0
28/05/2018;19.42;0
29/05/2018;20.48;0
30/05/2018;18.33;0
31/05/2018;18.71;0
01/06/2018;17.64;1
02/06/2018;15.14;1
03/06/2018;12.43;0
04/06/2018;13.54;1
05/06/2018;11.57;1
06/06/2018;13.12;1
07/06/2018;8.92;0
08/06/2018;14.61;0
09/06/2018;17.58;0
10/06/2018;21.12;1
11/06/2018;24.56;1
12/06/2018;19.24;1
13/06/2018;13.57;1
14/06/2018;9.26;0
15/06/2018;7.91;1
16/06/2018;9.84;1
17/06/2018;13.68;0
18/06/2018;15.87;0
19/06/2018;17.68;0
20/06/2018;19.21;0
21/06/2018;21.63;0
22/06/2018;18.88;0
23/06/2018;22.33;0
24/06/2018;19.9;0
25/06/2018;17.33;1
26/06/2018;15.9;1
27/06/2018;19.79;1
28/06/2018;17.38;0
29/06/2018;21.27;1
30/06/2018;20.05;1
01/07/2018;21.1;0
02/07/2018;21.74;0
03/07/2018;17.16;0
04/07/2018;16.68;0
05/07/2018;18.62;0
06/07/2018;23.37;0
07/07/2018;22.32;0
08/07/2018;18.35;0
09/07/2018;11.61;1
10/07/2018;10.57;0
11/07/2018;8.16;0
12/07/2018;14.65;0
13/07/2018;19.01;0
14/07/2018;22.5;0
15/07/2018;24.45;0
16/07/2018;22.66;0
17/07/2018;24.57;0
18/07/2018;19.78;0
19/07/2018;24.63;0
20/07/2018;24.16;0
21/07/2018;12.68;1
22/07/2018;15.26;1
23/07/2018;22.45;1
24/07/2018;13.57;0
25/07/2018;16.53;1
26/07/2018;19.07;1
27/07/2018;21.3;0
28/07/2018;22.94;0
29/07/2018;18.48;1
30/07/2018;17.83;0
31/07/2018;15.75;0
01/08/2018;13.88;0
02/08/2018;16.19;0
03/08/2018;14.74;1
04/08/2018;16.82;1
05/08/2018;14.28;1
06/08/2018;17.44;1
07/08/2018;19.77;0
08/08/2018;15.45;1
09/08/2018;13.2;1
10/08/2018;12.25;0
11/08/2018;16.67;0
12/08/2018;20.07;0
13/08/2018;21.4;0
14/08/2018;22.15;0
15/08/2018;15.68;1
16/08/2018;16.45;1
17/08/2018;18.63;0
18/08/2018;20.29;0
19/08/2018;23.89;0
20/08/2018;20.9;1
21/08/2018;12.6;1
22/08/2018;12.1;1
23/08/2018;19.71;0
24/08/2018;21.49;1
25/08/2018;14.46;1
26/08/2018;14.19;0
27/08/2018;18.15;0
28/08/2018;21.61;0
29/08/2018;26.3;0
30/08/2018;26.57;0
31/08/2018;22.95;1
01/09/2018;19.29;1
02/09/2018;15.59;1
03/09/2018;13.93;1
04/09/2018;16.39;1
05/09/2018;17.92;0
06/09/2018;21.49;0
07/09/2018;24;0
08/09/2018;24.41;0
09/09/2018;20.28;0
10/09/2018;21.55;0
11/09/2018;20.48;0
12/09/2018;20.49;0
13/09/2018;19.89;0
14/09/2018;17.02;1
15/09/2018;20.62;0
16/09/2018;18.57;1
17/09/2018;15.61;1
18/09/2018;21.97;1
19/09/2018;24.58;0
20/09/2018;19.37;1
21/09/2018;25.36;1
22/09/2018;27.94;0
23/09/2018;27.51;0
24/09/2018;24.13;0
25/09/2018;22.09;1
26/09/2018;23.34;1
27/09/2018;22.74;1
28/09/2018;24.65;1
29/09/2018;25.43;0
30/09/2018;21.81;1
01/10/2018;24.27;1
02/10/2018;20.5;1
03/10/2018;19.13;1
04/10/2018;19.04;1
05/10/2018;17.53;1
06/10/2018;17.12;1
07/10/2018;16.29;1
08/10/2018;21.85;1
09/10/2018;24.33;0
10/10/2018;21.35;1
11/10/2018;20.51;1
12/10/2018;24.07;0
13/10/2018;20.92;1
14/10/2018;18.12;1
15/10/2018;19.51;1
16/10/2018;20.9;0
17/10/2018;23.54;0
18/10/2018;21.34;1
19/10/2018;21.53;1
20/10/2018;21.09;1
21/10/2018;22.16;0
22/10/2018;25.81;0
23/10/2018;23.3;1
24/10/2018;19.54;1
25/10/2018;19.87;1
26/10/2018;20.01;0
27/10/2018;21.13;1
28/10/2018;21.86;0
29/10/2018;23.46;0
30/10/2018;28.38;0
31/10/2018;21.55;1
01/11/2018;21.37;1
02/11/2018;24.83;1
03/11/2018;20.79;0
04/11/2018;22.8;1
05/11/2018;25.34;0
06/11/2018;25.85;0
07/11/2018;24.06;0
08/11/2018;21.19;1
09/11/2018;24.94;0
10/11/2018;25.05;0
11/11/2018;29.07;0
12/11/2018;29.27;0
13/11/2018;29.61;1
14/11/2018;24.51;1
15/11/2018;25.43;1
16/11/2018;26.32;0
17/11/2018;27.97;0
18/11/2018;22.73;1
19/11/2018;21.31;1
20/11/2018;25.08;0
21/11/2018;25.84;0
22/11/2018;27.91;0
23/11/2018;24.12;0
24/11/2018;23.03;1
25/11/2018;25.51;0
26/11/2018;25.58;0
27/11/2018;26.73;1
28/11/2018;23.29;1
29/11/2018;25.65;1
30/11/2018;24.29;1
01/12/2018;25.53;1
02/12/2018;22.08;0
03/12/2018;22.57;0
04/12/2018;25.07;0
05/12/2018;26.68;0
06/12/2018;25.86;0
07/12/2018;22.06;1
08/12/2018;22.73;0
09/12/2018;26.31;0
10/12/2018;29.8;0
11/12/2018;31.32;0
12/12/2018;29.13;0
13/12/2018;30.61;0
14/12/2018;31.59;0
15/12/2018;27.19;1
16/12/2018;30.33;1
17/12/2018;29.96;1
18/12/2018;29.38;1
19/12/2018;31;1
20/12/2018;30.82;1
21/12/2018;25.84;1
22/12/2018;24.65;1
23/12/2018;26.1;1
24/12/2018;26.42;0
25/12/2018;26.51;1
26/12/2018;25.06;1
27/12/2018;26.98;1
28/12/2018;29.27;1
29/12/2018;30.43;1
30/12/2018;28.58;1
31/12/2018;29.52;1
01/01/2019;29.45;1
02/01/2019;30.11;0
03/01/2019;28.3;0
04/01/2019;26.51;1
05/01/2019;26.42;1
06/01/2019;25.17;1
07/01/2019;25.31;1
08/01/2019;26.7;1
09/01/2019;28.16;1
10/01/2019;27.08;1
11/01/2019;26.05;1
12/01/2019;27.66;1
13/01/2019;27.73;1
14/01/2019;27.92;1
15/01/2019;28.62;1
16/01/2019;27.15;1
17/01/2019;28.96;1
18/01/2019;26.82;1
19/01/2019;23.84;1
20/01/2019;21.57;1
21/01/2019;26.01;0
22/01/2019;28.83;0
23/01/2019;29.05;0
24/01/2019;25.83;1
25/01/2019;25.4;1
26/01/2019;28.12;0
27/01/2019;27.12;1
28/01/2019;28.35;0
29/01/2019;30.32;0
30/01/2019;31.08;0
31/01/2019;30.74;1
01/02/2019;30.6;1
02/02/2019;29.06;1
03/02/2019;21.68;1
04/02/2019;19.12;1
05/02/2019;21.14;1
06/02/2019;24.47;1
07/02/2019;22.47;1
08/02/2019;27.98;1
09/02/2019;30.5;0
10/02/2019;29.49;1
11/02/2019;28.33;1
12/02/2019;24.97;1
13/02/2019;20.9;1
14/02/2019;25.81;0
15/02/2019;20.15;1
16/02/2019;19.77;1
17/02/2019;21.49;1
18/02/2019;26.64;1
19/02/2019;25.94;0
20/02/2019;25.3;0
21/02/2019;26.66;1
22/02/2019;27;0
23/02/2019;28.58;0
24/02/2019;28.09;1
25/02/2019;25.76;1
26/02/2019;18.29;1
27/02/2019;20.45;1
28/02/2019;24.21;0
01/03/2019;25.28;0
02/03/2019;26.49;0
03/03/2019;28.41;0
04/03/2019;27.4;0
05/03/2019;28.24;0
06/03/2019;27.8;1
07/03/2019;25.55;1
08/03/2019;26.69;1
09/03/2019;25.56;1
10/03/2019;22.36;0
11/03/2019;21.18;1
12/03/2019;25.03;1
13/03/2019;25.7;1
14/03/2019;23.62;1
15/03/2019;25.77;1
16/03/2019;24.21;1
17/03/2019;22.31;1
18/03/2019;24.26;1
19/03/2019;26.63;1
20/03/2019;22.85;1
21/03/2019;18.78;1
22/03/2019;21.58;0
23/03/2019;26.07;1
24/03/2019;26.25;0
25/03/2019;27.57;0
26/03/2019;26.71;0
27/03/2019;21.32;0
28/03/2019;21.57;0
29/03/2019;23.92;0
30/03/2019;25.23;0
31/03/2019;24.86;1
01/04/2019;25.87;1
02/04/2019;25.68;1
03/04/2019;23.53;1
04/04/2019;25.16;0
05/04/2019;24.4;1
06/04/2019;22.02;1
07/04/2019;21.95;1
08/04/2019;18.75;0
09/04/2019;18.18;0
10/04/2019;21.54;0
11/04/2019;23.69;0
12/04/2019;24.41;0
13/04/2019;23.19;0
14/04/2019;23.9;0
15/04/2019;26.09;0
16/04/2019;22.87;1
17/04/2019;22.63;0
18/04/2019;24.2;0
19/04/2019;24.9;0
20/04/2019;23.52;1
21/04/2019;21.66;1
22/04/2019;22.18;1
23/04/2019;20.31;0
24/04/2019;21.12;0
25/04/2019;24.58;1
26/04/2019;22.92;1
27/04/2019;24.43;1
28/04/2019;18.32;1
29/04/2019;20.84;1
30/04/2019;22.16;0
01/05/2019;20.77;1
02/05/2019;23.34;1
03/05/2019;25.81;0
04/05/2019;26.19;1
05/05/2019;26.6;0
06/05/2019;26.17;0
07/05/2019;22.83;1
08/05/2019;21.29;0
09/05/2019;19.98;1
10/05/2019;21.92;1
11/05/2019;20.04;1
12/05/2019;21.45;1
13/05/2019;20.33;1
14/05/2019;16.79;1
15/05/2019;15.32;0
16/05/2019;17.28;0
17/05/2019;15.46;0
18/05/2019;17.54;0
19/05/2019;17.88;0
20/05/2019;22.45;1
21/05/2019;21.21;0
22/05/2019;21.47;1
23/05/2019;16.23;1
24/05/2019;15.5;1
25/05/2019;16.76;1
26/05/2019;19.73;0
27/05/2019;22.22;0
28/05/2019;17.51;1
29/05/2019;18.15;1
30/05/2019;19.5;1
31/05/2019;16.81;1
01/06/2019;18.17;1
02/06/2019;17.29;1
03/06/2019;18.37;0
04/06/2019;15.44;0
05/06/2019;15.88;0
06/06/2019;18.35;0
07/06/2019;21.31;0
08/06/2019;20.16;0
09/06/2019;21.04;0
10/06/2019;20.45;0
11/06/2019;20.9;0
12/06/2019;23.3;1
13/06/2019;24.01;0
14/06/2019;24.67;0
15/06/2019;24.2;1
16/06/2019;23.83;1
17/06/2019;21.74;0
18/06/2019;21.02;0
19/06/2019;18.94;1
20/06/2019;18.57;0
21/06/2019;18.99;0
22/06/2019;20.71;0
23/06/2019;21.65;0
24/06/2019;22.17;0
25/06/2019;22.91;0
26/06/2019;13.13;1
27/06/2019;18.62;1
28/06/2019;22.55;1
29/06/2019;24.65;0
30/06/2019;21.73;0
01/07/2019;18.34;1
02/07/2019;15.11;1
03/07/2019;14.72;1
04/07/2019;12.63;0
05/07/2019;8.59;0
06/07/2019;8.63;0
07/07/2019;12.71;0
08/07/2019;17.1;0
09/07/2019;18.97;0
10/07/2019;20.3;0
11/07/2019;22.34;0
12/07/2019;22.43;0
13/07/2019;22.9;0
14/07/2019;20.57;0
15/07/2019;14.18;1
16/07/2019;12.11;1
17/07/2019;14.65;0
18/07/2019;17.22;0
19/07/2019;16.45;1
20/07/2019;21.2;0
21/07/2019;20.09;0
22/07/2019;23.23;1
23/07/2019;21.3;0
24/07/2019;21.54;0
25/07/2019;21;1
26/07/2019;18.99;0
27/07/2019;15.49;0
28/07/2019;19.13;0
29/07/2019;18.12;0
30/07/2019;19.42;1
31/07/2019;21.61;1
01/08/2019;24.26;0
02/08/2019;11.76;0
03/08/2019;11.62;1
04/08/2019;13.32;0
05/08/2019;15.77;0
06/08/2019;21.25;0
07/08/2019;24.08;0
08/08/2019;24.24;1
09/08/2019;23.99;0
10/08/2019;21.68;1
11/08/2019;23.04;1
12/08/2019;24.89;0
13/08/2019;15.88;1
14/08/2019;13.72;0
15/08/2019;18.74;0
16/08/2019;24.27;0
17/08/2019;24.84;0
18/08/2019;21.44;1
19/08/2019;16.29;1
20/08/2019;13.97;1
21/08/2019;16.88;0
22/08/2019;18.35;0
23/08/2019;13.57;1
24/08/2019;17.36;0
25/08/2019;19.63;0
26/08/2019;21.2;0
27/08/2019;19.92;1
28/08/2019;22.59;0
29/08/2019;25.7;0
30/08/2019;27.86;0
31/08/2019;23.33;1
01/09/2019;14.49;1
02/09/2019;18.24;1
03/09/2019;19.02;0
04/09/2019;16.72;0
05/09/2019;13.78;1
06/09/2019;16.05;1
07/09/2019;22.94;1
08/09/2019;28.52;1
09/09/2019;30.01;1
10/09/2019;28.54;0
11/09/2019;25.85;0
12/09/2019;23.81;0
13/09/2019;18.31;1
14/09/2019;21.27;0
15/09/2019;29.83;0
16/09/2019;30.07;0
17/09/2019;26.86;0
18/09/2019;19.67;1
19/09/2019;20.5;1
20/09/2019;17.83;1
21/09/2019;18.87;1
22/09/2019;18.49;0
23/09/2019;18.04;0
24/09/2019;20.73;0
25/09/2019;21.46;1
26/09/2019;22.99;1
27/09/2019;21.74;0
28/09/2019;23.78;0
29/09/2019;26.66;0
30/09/2019;26.94;0
01/10/2019;30.46;0
02/10/2019;29.63;0
03/10/2019;21.23;1
04/10/2019;22.42;1
05/10/2019;23.09;1
06/10/2019;16.61;1
07/10/2019;20.6;1
08/10/2019;22.81;0
09/10/2019;26.02;1
10/10/2019;27.9;0
11/10/2019;29.71;0
12/10/2019;31.58;0
13/10/2019;32.69;0
14/10/2019;23.67;1
15/10/2019;18.95;1
16/10/2019;18.31;1
17/10/2019;26.82;0
18/10/2019;24.74;1
19/10/2019;23.34;1
20/10/2019;23.12;0
21/10/2019;15.99;1
22/10/2019;21.11;1
23/10/2019;23.93;0
24/10/2019;25.64;0
25/10/2019;27.08;0
26/10/2019;28.75;0
27/10/2019;26.24;0
28/10/2019;22.88;1
29/10/2019;27.95;1
30/10/2019;25.6;0
31/10/2019;20.55;1
01/11/2019;26.85;1
02/11/2019;29.51;0
03/11/2019;25.36;1
04/11/2019;25.26;1
05/11/2019;21.47;1
06/11/2019;24.31;1
07/11/2019;22.16;1
08/11/2019;25.48;1
09/11/2019;26.5;1
10/11/2019;25.17;1
11/11/2019;25.5;1
12/11/2019;24.26;0
13/11/2019;22.32;0
14/11/2019;21.19;1
15/11/2019;23.49;1
16/11/2019;25.25;0
17/11/2019;26.86;0
18/11/2019;27.22;0
19/11/2019;28.4;0
20/11/2019;28.65;0
21/11/2019;29.48;0
22/11/2019;30.1;1
23/11/2019;25.15;0
24/11/2019;21.97;0
25/11/2019;25.96;0
26/11/2019;22.25;0
27/11/2019;20.79;1
28/11/2019;21.11;1
29/11/2019;27.32;0
30/11/2019;28.91;0
01/12/2019;26.22;0
02/12/2019;22.61;1
03/12/2019;25.11;0
04/12/2019;24.47;1
05/12/2019;23.91;1
06/12/2019;24.85;1
07/12/2019;26.07;0
08/12/2019;24.93;0
09/12/2019;23.11;1
10/12/2019;27.48;0
11/12/2019;27.51;1
12/12/2019;27.35;1
13/12/2019;28.19;1
14/12/2019;27.16;1
15/12/2019;25.77;1
16/12/2019;19.62;1
17/12/2019;20.39;1
18/12/2019;20.61;1
19/12/2019;24.89;0
20/12/2019;28.22;0
21/12/2019;23.67;1
22/12/2019;24.5;1
23/12/2019;25.55;1
24/12/2019;28.22;0
25/12/2019;30.28;0
26/12/2019;31.02;0
27/12/2019;30.86;0
28/12/2019;30.71;1
29/12/2019;32.09;1
30/12/2019;31.02;1
31/12/2019;30.59;1
01/01/2020;27.57;1
02/01/2020;25.18;1
03/01/2020;23.1;0
04/01/2020;25.34;0
05/01/2020;27.05;0
06/01/2020;29.04;0
07/01/2020;25.84;1
08/01/2020;29.37;1
09/01/2020;30.42;1
10/01/2020;26.97;1
11/01/2020;26.47;1
12/01/2020;27.43;1
13/01/2020;27.7;1
14/01/2020;26.48;1
15/01/2020;27.99;0
16/01/2020;24.08;1
17/01/2020;20.56;1
18/01/2020;23.9;0
19/01/2020;27.13;0
20/01/2020;26.98;0
21/01/2020;23.97;1
22/01/2020;18.27;1
23/01/2020;21.13;1
24/01/2020;22.98;0
25/01/2020;26.52;0
26/01/2020;28.24;0
27/01/2020;27.44;0
28/01/2020;28.62;0
29/01/2020;23.63;1
30/01/2020;22.4;1
31/01/2020;26.26;1
01/02/2020;27.57;0
02/02/2020;24.03;0
03/02/2020;25.91;1
04/02/2020;24.15;0
05/02/2020;25.63;0
06/02/2020;27.84;0
07/02/2020;26.23;1
08/02/2020;26.93;0
09/02/2020;26.58;0
10/02/2020;21.77;1
11/02/2020;23;0
12/02/2020;24.14;0
13/02/2020;25.73;1
14/02/2020;26.04;0
15/02/2020;25.92;1
16/02/2020;27.59;1
17/02/2020;29.99;1
18/02/2020;28.78;0
19/02/2020;27.57;1
20/02/2020;28.29;0
21/02/2020;24.93;0
22/02/2020;20.88;0
23/02/2020;24.21;0
24/02/2020;25.49;0
25/02/2020;22.5;1
26/02/2020;21.03;1
27/02/2020;22.39;0
28/02/2020;24.65;0
29/02/2020;24.54;0
01/03/2020;23.25;0
02/03/2020;22.11;0
03/03/2020;23.51;0
04/03/2020;25.02;1
05/03/2020;25.05;0
06/03/2020;26.43;0
07/03/2020;25.36;0
08/03/2020;26.84;1
09/03/2020;27.06;0
10/03/2020;29.17;0
11/03/2020;29.2;0
12/03/2020;30.58;0
13/03/2020;31.36;0
14/03/2020;31;1
15/03/2020;31.5;0
16/03/2020;27.25;0
17/03/2020;29.73;0
18/03/2020;22.8;1
19/03/2020;26.52;1
20/03/2020;24.62;0
21/03/2020;25.54;0
22/03/2020;27.1;0
23/03/2020;26.12;0
24/03/2020;25.59;0
25/03/2020;25.34;0
26/03/2020;26.51;0
27/03/2020;26.37;0
28/03/2020;26.51;1
29/03/2020;25.56;1
30/03/2020;27.33;0
31/03/2020;27.89;0
01/04/2020;28.81;0
02/04/2020;23.78;1
03/04/2020;19.36;1
04/04/2020;22.9;0
05/04/2020;26.95;0
06/04/2020;22.53;0
07/04/2020;19.58;1
08/04/2020;19.94;0
09/04/2020;18.91;0
10/04/2020;18.95;0
11/04/2020;20.94;0
12/04/2020;23.28;0
13/04/2020;24.56;0
14/04/2020;19.73;1
15/04/2020;17.57;0
16/04/2020;19.39;0
17/04/2020;20.46;0
18/04/2020;20.87;0
19/04/2020;21.5;0
20/04/2020;22.57;0
21/04/2020;22.81;0
22/04/2020;23.27;0
23/04/2020;23.71;0
24/04/2020;24.58;0
25/04/2020;26.99;0
26/04/2020;25.77;0
27/04/2020;22.86;1
28/04/2020;24.46;0
29/04/2020;24.68;0
30/04/2020;25.49;0
01/05/2020;23.22;0
02/05/2020;20.89;1
03/05/2020;20.6;0
04/05/2020;23.23;0
05/05/2020;19.44;1
06/05/2020;13.89;1
07/05/2020;14.79;0
08/05/2020;18.55;0
09/05/2020;20.38;0
10/05/2020;23.04;0
11/05/2020;25.2;0
12/05/2020;20.5;1
13/05/2020;18.15;1
14/05/2020;16.56;1
15/05/2020;16.8;0
16/05/2020;20.06;0
17/05/2020;22.71;0
18/05/2020;23.88;0
19/05/2020;22.23;0
20/05/2020;24.31;0
21/05/2020;23.43;0
22/05/2020;17.72;1
23/05/2020;13.9;1
24/05/2020;13.54;0
25/05/2020;14.99;1
26/05/2020;15.31;0
27/05/2020;18.51;0
28/05/2020;22.45;0
29/05/2020;21;0
30/05/2020;21.75;0
31/05/2020;20.75;0
01/06/2020;15.13;1
02/06/2020;15.77;1
03/06/2020;16.31;0
04/06/2020;15.47;1
05/06/2020;16.87;1
06/06/2020;15.38;1
07/06/2020;16.94;0
08/06/2020;18.89;0
09/06/2020;18.13;1
10/06/2020;20.33;1
11/06/2020;23;1
12/06/2020;24.45;1
13/06/2020;20.83;0
14/06/2020;14.66;1
15/06/2020;16.37;0
16/06/2020;19.11;0
17/06/2020;20.49;0
18/06/2020;20.21;1
19/06/2020;22.67;1
20/06/2020;23.71;0
21/06/2020;24.6;0
22/06/2020;23.85;0
23/06/2020;23.67;0
24/06/2020;23.49;0
25/06/2020;17.47;1
26/06/2020;11.43;1
27/06/2020;11.61;1
28/06/2020;14.92;0
29/06/2020;12.8;0
30/06/2020;17.36;1
01/07/2020;8.66;1
02/07/2020;9.77;0
03/07/2020;12.62;0
04/07/2020;17.41;0
05/07/2020;20.36;0
06/07/2020;17.7;1
07/07/2020;18.18;1
08/07/2020;12.59;1
09/07/2020;12.42;1
10/07/2020;18;0
11/07/2020;19.58;1
12/07/2020;20.49;1
13/07/2020;20.04;0
14/07/2020;14.22;1
15/07/2020;18.29;0
16/07/2020;16.71;0
17/07/2020;21.53;1
18/07/2020;23.93;0
19/07/2020;23.32;0
20/07/2020;21.99;0
21/07/2020;22.91;0
22/07/2020;23.09;0
23/07/2020;23.52;0
24/07/2020;23.57;0
25/07/2020;13.45;1
26/07/2020;15.81;1
27/07/2020;21.09;1
28/07/2020;16.38;1
29/07/2020;9.73;1
30/07/2020;14.74;0
31/07/2020;18.05;0
01/08/2020;21.38;0
02/08/2020;22.44;0
03/08/2020;21.53;0
04/08/2020;21.91;0
05/08/2020;21.8;0
06/08/2020;23.08;0
07/08/2020;22.15;0
08/08/2020;22.55;0
09/08/2020;23;0
10/08/2020;24.37;0
11/08/2020;22.05;0
12/08/2020;14.89;1
13/08/2020;17.44;1
14/08/2020;20.54;1
15/08/2020;15.95;1
16/08/2020;17.83;1
17/08/2020;19.46;1
18/08/2020;16.05;1
19/08/2020;15.65;1
20/08/2020;8.71;1
21/08/2020;8.22;1
22/08/2020;15.03;0
23/08/2020;17.79;0
24/08/2020;19.8;0
25/08/2020;22.81;0
26/08/2020;24.32;0
27/08/2020;26.65;0
28/08/2020;26.71;0
29/08/2020;28.39;0
30/08/2020;26.12;0
31/08/2020;23.68;0
01/09/2020;23.06;0
02/09/2020;24.16;0
03/09/2020;22.25;1
04/09/2020;25.01;0
05/09/2020;27.59;0
06/09/2020;22.9;0
07/09/2020;18.11;1
08/09/2020;22.04;1
09/09/2020;24.63;0
10/09/2020;27.11;1
11/09/2020;29.49;0
12/09/2020;26.76;1
13/09/2020;30.02;0
14/09/2020;22.79;1
15/09/2020;20.59;1
16/09/2020;19.76;1
17/09/2020;20.57;1
18/09/2020;24.32;1
19/09/2020;25.5;0
20/09/2020;18.11;0
21/09/2020;17.18;1
22/09/2020;20.33;1
23/09/2020;23.24;0
24/09/2020;26.19;0
25/09/2020;27.68;0
26/09/2020;31.28;1
27/09/2020;27.75;0
28/09/2020;20.13;1
29/09/2020;27.12;0
30/09/2020;32.61;0
01/10/2020;31.93;0
02/10/2020;32.66;0
03/10/2020;29.31;0
04/10/2020;26.45;1
05/10/2020;26.15;0
06/10/2020;29.52;0
07/10/2020;28.98;0
08/10/2020;20.83;1
09/10/2020;17.72;1
10/10/2020;21.31;1
11/10/2020;24.87;0
12/10/2020;27.04;0
13/10/2020;27.12;0
14/10/2020;27.22;0
15/10/2020;23.51;1
16/10/2020;23.1;1
17/10/2020;24.22;0
18/10/2020;25.62;0
19/10/2020;28.29;0
20/10/2020;29.02;0
21/10/2020;28.17;1
22/10/2020;26.96;0
23/10/2020;26.25;0
24/10/2020;27.72;0
25/10/2020;28.65;1
26/10/2020;22.21;1
27/10/2020;22.95;1
28/10/2020;27.45;0
29/10/2020;22.03;1
30/10/2020;20.48;1
31/10/2020;20.3;0
01/11/2020;21.53;0
02/11/2020;22.93;0
03/11/2020;24.26;0
04/11/2020;21.23;0
05/11/2020;22.85;0
06/11/2020;26.2;0
07/11/2020;29.3;0
08/11/2020;29.45;0
09/11/2020;19.77;1
10/11/2020;24.63;1
11/11/2020;22.9;1
12/11/2020;24.66;1
13/11/2020;27.13;1
14/11/2020;29.76;0
15/11/2020;24.86;0
16/11/2020;26.43;1
17/11/2020;25.08;1
18/11/2020;19.55;1
19/11/2020;22.48;1
20/11/2020;23.44;0
21/11/2020;24.78;0
22/11/2020;27.23;0
23/11/2020;28.06;0
24/11/2020;29.29;0
25/11/2020;31.97;0
26/11/2020;27.07;1
27/11/2020;26.75;1
28/11/2020;29.26;1
29/11/2020;22.88;1
30/11/2020;22.67;1
01/12/2020;26.13;1
02/12/2020;28.03;0
03/12/2020;22.4;1
04/12/2020;23.67;1
05/12/2020;19.36;1
06/12/2020;20.25;1
07/12/2020;25.91;0
08/12/2020;26.67;0
09/12/2020;27.78;0
10/12/2020;28.69;0
11/12/2020;29.11;0
12/12/2020;28.69;0
13/12/2020;28;1
14/12/2020;24.41;1
15/12/2020;27.07;1
16/12/2020;25.71;0
17/12/2020;25.18;1
18/12/2020;28.03;0
19/12/2020;26.89;0
20/12/2020;21.28;1
21/12/2020;25.03;1
22/12/2020;26.74;0
23/12/2020;27.01;0
24/12/2020;27.9;0
25/12/2020;26.57;0
26/12/2020;26.3;0
27/12/2020;27.42;0
28/12/2020;27.35;0
29/12/2020;26.75;1
30/12/2020;27.38;1
31/12/2020;24.14;1
01/01/2021;26.49;1
02/01/2021;27.01;0
03/01/2021;25.41;0
04/01/2021;25.71;0
05/01/2021;22.59;1
06/01/2021;26.51;1
07/01/2021;25.65;1
08/01/2021;26.67;1
09/01/2021;27.16;0
10/01/2021;28.42;1
11/01/2021;28.89;1
12/01/2021;26.98;0
13/01/2021;23.95;1
14/01/2021;24.96;1
15/01/2021;26.2;0
16/01/2021;23.88;0
17/01/2021;22.31;1
18/01/2021;24.77;1
19/01/2021;22.83;0
20/01/2021;22.65;1
21/01/2021;22.4;1
22/01/2021;24.47;1
23/01/2021;27.56;1
24/01/2021;26.2;1
25/01/2021;24.56;1
26/01/2021;24.38;1
27/01/2021;23.55;1
28/01/2021;22.48;1
29/01/2021;25.94;1
30/01/2021;25.47;1
31/01/2021;21.76;1
01/02/2021;23.77;1
02/02/2021;23.85;1
03/02/2021;27.42;1
04/02/2021;23.09;1
05/02/2021;23.29;0
06/02/2021;23.85;0
07/02/2021;27.33;0
08/02/2021;28.31;0
09/02/2021;26.34;0
10/02/2021;26.96;1
11/02/2021;24.74;1
12/02/2021;23.77;1
13/02/2021;26.45;1
14/02/2021;27.27;1
15/02/2021;26.12;1
16/02/2021;26.41;0
17/02/2021;26.29;0
18/02/2021;25.86;0
19/02/2021;26.81;0
20/02/2021;28.67;0
21/02/2021;29.88;0
22/02/2021;30.16;0
23/02/2021;30.61;0
24/02/2021;27.36;1
25/02/2021;28.31;1
26/02/2021;28.79;1
27/02/2021;28.49;0
28/02/2021;28.54;0
01/03/2021;27.19;0
02/03/2021;28.54;1
03/03/2021;26.95;1
04/03/2021;23.83;1
05/03/2021;24.05;1
06/03/2021;26.18;1
07/03/2021;27.76;0
08/03/2021;27.79;0
09/03/2021;26.16;0
10/03/2021;25.87;0
11/03/2021;27.72;0
12/03/2021;28.95;0
13/03/2021;30.33;0
14/03/2021;30.86;0
15/03/2021;31.32;0
16/03/2021;32.37;0
17/03/2021;26.81;1
18/03/2021;26.4;1
19/03/2021;29.15;0
20/03/2021;28.86;0
21/03/2021;24.52;0
22/03/2021;29.23;1
23/03/2021;27.85;1
24/03/2021;29.52;1
25/03/2021;30.63;1
26/03/2021;27.21;1
27/03/2021;25.65;1
28/03/2021;23.67;1
29/03/2021;21.03;1
30/03/2021;22.12;1
31/03/2021;21.83;0
01/04/2021;23.11;0
02/04/2021;24.69;0
03/04/2021;26;0
04/04/2021;26.46;0
05/04/2021;25.2;0
06/04/2021;25.06;1
07/04/2021;26.22;1
08/04/2021;26.89;0
09/04/2021;28.27;0
10/04/2021;28.74;0
11/04/2021;28.41;0
12/04/2021;22.27;0
13/04/2021;26.11;0
14/04/2021;23.76;0
15/04/2021;25.75;0
16/04/2021;21.16;0
17/04/2021;23.49;1
18/04/2021;24.42;1
19/04/2021;24.82;0
20/04/2021;24.71;0
21/04/2021;24.22;0
22/04/2021;23.96;0
23/04/2021;24.2;0
24/04/2021;21.32;0
25/04/2021;18.48;1
26/04/2021;19.91;0
27/04/2021;20.04;0
28/04/2021;21.38;0
29/04/2021;22.69;0
30/04/2021;22.81;0
01/05/2021;24.42;0
02/05/2021;26.78;0
03/05/2021;28.3;1
04/05/2021;28.68;0
05/05/2021;23.99;0
06/05/2021;13.53;1
07/05/2021;16.75;1
08/05/2021;21.24;0
09/05/2021;22.92;0
10/05/2021;24.61;0
11/05/2021;18.51;0
12/05/2021;15.41;1
13/05/2021;20.77;0
14/05/2021;19.93;1
15/05/2021;21.81;0
16/05/2021;22.6;0
17/05/2021;21.73;0
18/05/2021;21.11;0
19/05/2021;24.27;0
20/05/2021;25.21;0
21/05/2021;26.18;0
22/05/2021;19.72;1
23/05/2021;14.93;1
24/05/2021;15.32;0
25/05/2021;20.48;0
26/05/2021;22.77;0
27/05/2021;24.17;0
28/05/2021;23.5;0
29/05/2021;22.71;1
30/05/2021;17.1;0
31/05/2021;20.78;0
01/06/2021;21.91;0
02/06/2021;22;0
03/06/2021;24.45;1
04/06/2021;26.41;1
05/06/2021;26.84;0
06/06/2021;17.73;1
07/06/2021;19.96;1
08/06/2021;17.35;1
09/06/2021;21.68;1
10/06/2021;20.43;1
11/06/2021;18.73;1
12/06/2021;17.71;0
13/06/2021;21.43;0
14/06/2021;21.79;0
15/06/2021;19.68;0
16/06/2021;13.26;0
17/06/2021;13.51;0
18/06/2021;18.4;0
19/06/2021;13.79;1
20/06/2021;15.97;1
21/06/2021;14.13;1
22/06/2021;18.21;1
23/06/2021;20.39;0
24/06/2021;16.72;1
25/06/2021;21.19;1
26/06/2021;24.97;0
27/06/2021;13.32;1
28/06/2021;8.65;1
29/06/2021;8.08;1
30/06/2021;10.67;0
01/07/2021;16.11;0
02/07/2021;16.32;0
03/07/2021;18.46;1
04/07/2021;19.93;0
05/07/2021;21.31;0
06/07/2021;19.93;0
07/07/2021;20.25;0
08/07/2021;21.93;0
09/07/2021;19.84;0
10/07/2021;21.68;0
11/07/2021;23.41;0
12/07/2021;22.9;0
13/07/2021;22.87;0
14/07/2021;23.32;1
15/07/2021;16.85;1
16/07/2021;16.36;1
17/07/2021;16.8;1
18/07/2021;10.05;0
19/07/2021;12.1;0
20/07/2021;16.73;0
21/07/2021;22.06;1
22/07/2021;25.07;0
23/07/2021;25.63;0
24/07/2021;25.35;0
25/07/2021;25.66;0
26/07/2021;26.54;1
27/07/2021;12.59;1
28/07/2021;9.21;1
29/07/2021;8.79;0
30/07/2021;16.06;0
31/07/2021;17.98;1
01/08/2021;19.68;1
02/08/2021;19.22;0
03/08/2021;19.71;0
04/08/2021;20.24;0
05/08/2021;21.98;0
06/08/2021;23.2;1
07/08/2021;24.59;0
08/08/2021;25.9;0
09/08/2021;27.14;0
10/08/2021;16.89;0
11/08/2021;15.08;1
12/08/2021;16.68;0
13/08/2021;15.92;1
14/08/2021;19.9;1
15/08/2021;23.21;0
16/08/2021;26.15;0
17/08/2021;29.41;0
18/08/2021;30.86;0
19/08/2021;30.37;0
20/08/2021;28.85;0
21/08/2021;28.02;0
22/08/2021;29.41;0
23/08/2021;28.61;0
24/08/2021;25.08;0
25/08/2021;24.64;1
26/08/2021;17.24;1
27/08/2021;19.86;1
28/08/2021;20.68;1
29/08/2021;23.66;0
30/08/2021;24.1;0
31/08/2021;25.23;0
01/09/2021;26.22;0
02/09/2021;28.06;0
03/09/2021;28.27;0
04/09/2021;24.2;0
05/09/2021;25.43;1
06/09/2021;27.09;0
07/09/2021;26.77;1
08/09/2021;21.95;1
09/09/2021;19.31;1
10/09/2021;20.88;0
11/09/2021;23.96;0
12/09/2021;30;0
13/09/2021;29.49;0
14/09/2021;17.7;1
15/09/2021;17.74;1
16/09/2021;17.48;1
17/09/2021;21.85;1
18/09/2021;28.77;0
19/09/2021;32.06;0
20/09/2021;32.61;0
21/09/2021;22.59;1
22/09/2021;23.64;1
23/09/2021;20.83;0
24/09/2021;23.57;1
25/09/2021;26.6;0
26/09/2021;29.69;0
27/09/2021;30.59;0
28/09/2021;29.52;0
29/09/2021;24.1;1
30/09/2021;25.64;1
01/10/2021;19.34;1
02/10/2021;20.11;1
03/10/2021;17.73;1
04/10/2021;19.52;1
05/10/2021;24.48;0
06/10/2021;22.3;1
07/10/2021;20.31;1
08/10/2021;20.22;0
09/10/2021;17.2;1
10/10/2021;23.11;1
11/10/2021;21.33;0
12/10/2021;25.82;1
13/10/2021;27.43;0
14/10/2021;24.99;1
15/10/2021;19.45;1
16/10/2021;18.3;1
17/10/2021;18.79;0
18/10/2021;22.19;1
19/10/2021;22.26;0
20/10/2021;23.15;1
21/10/2021;23.95;0
22/10/2021;26.37;0
23/10/2021;18.8;1
24/10/2021;19.37;1
25/10/2021;24.48;0
26/10/2021;27.28;0
27/10/2021;28.49;1
28/10/2021;28.23;0
29/10/2021;27.66;1
30/10/2021;26.63;1
31/10/2021;25.85;1
01/11/2021;27.67;1
02/11/2021;28.83;0
03/11/2021;28.45;0
04/11/2021;29.62;1
05/11/2021;30.65;1
06/11/2021;26.36;1
07/11/2021;28.23;0
08/11/2021;27.27;0
09/11/2021;28.33;0
10/11/2021;27.16;0
11/11/2021;26.59;1
12/11/2021;26.03;0
13/11/2021;26.58;0
14/11/2021;26.72;0
15/11/2021;29.32;1
16/11/2021;30.29;0
17/11/2021;25.19;1
18/11/2021;22.8;1
19/11/2021;22.85;1
20/11/2021;27.21;0
21/11/2021;29.46;0
22/11/2021;30.34;0
23/11/2021;30.84;0
24/11/2021;31.79;1
25/11/2021;30.77;0
26/11/2021;23.65;1
27/11/2021;26.21;0
28/11/2021;26.42;0
29/11/2021;25.03;1
30/11/2021;26.51;0
01/12/2021;28.01;0
02/12/2021;28.7;0
03/12/2021;28.15;0
04/12/2021;30.01;0
05/12/2021;30.35;0
06/12/2021;26.92;1
07/12/2021;25.79;0
08/12/2021;26.7;0
09/12/2021;28.4;0
10/12/2021;30.12;0
11/12/2021;29.5;1
12/12/2021;30.89;1
13/12/2021;28.85;1
14/12/2021;29.72;1
15/12/2021;31.56;1
16/12/2021;31.85;1
17/12/2021;32.38;0
18/12/2021;31.79;0
19/12/2021;29.95;0
20/12/2021;31.73;0
21/12/2021;33.36;1
22/12/2021;30.62;1
23/12/2021;28.6;1
24/12/2021;29.57;0
25/12/2021;31.72;0
26/12/2021;31.4;0
27/12/2021;32.63;0
28/12/2021;33.13;0
29/12/2021;32.41;0
30/12/2021;27.42;1
31/12/2021;29.33;1
01/01/2022;32.63;1
02/01/2022;31.96;0
03/01/2022;26.15;1
04/01/2022;25.32;1
05/01/2022;27.79;1
06/01/2022;27.04;1
07/01/2022;28.75;0
08/01/2022;28.17;1
09/01/2022;27.34;1
10/01/2022;28.87;1
11/01/2022;30.15;0
12/01/2022;32.57;0
13/01/2022;30.7;1
14/01/2022;29.41;1
15/01/2022;31.28;1
16/01/2022;32.84;1
17/01/2022;33.45;0
18/01/2022;33.23;1
19/01/2022;33.13;1
20/01/2022;33.17;0
21/01/2022;33.21;1
22/01/2022;34.67;1
23/01/2022;35.08;1
24/01/2022;34.29;1
25/01/2022;32.26;0
26/01/2022;32.04;1
27/01/2022;25.62;1
28/01/2022;20.99;1
29/01/2022;23.21;0
30/01/2022;27.18;1
31/01/2022;28.12;1
01/02/2022;30.42;0
02/02/2022;30.9;0
03/02/2022;28.89;1
04/02/2022;24.7;1
05/02/2022;22.28;1
06/02/2022;26.84;0
07/02/2022;24.93;0
08/02/2022;26.5;0
09/02/2022;28.73;0
10/02/2022;29.57;1
11/02/2022;29.23;1
12/02/2022;30.31;1
13/02/2022;29.36;1
14/02/2022;29.38;0
15/02/2022;31.04;0
16/02/2022;31.82;0
17/02/2022;29.94;0
18/02/2022;28.8;1
19/02/2022;29.14;0
20/02/2022;30.58;0
21/02/2022;26.19;1
22/02/2022;30.61;1
23/02/2022;31.87;0
24/02/2022;32.44;1
25/02/2022;28.12;1
26/02/2022;31.35;0
27/02/2022;32.06;0
28/02/2022;30.94;1
01/03/2022;27.46;1
02/03/2022;26.38;1
03/03/2022;28.9;1
04/03/2022;29.53;1
05/03/2022;30.12;0
06/03/2022;30.58;0
07/03/2022;31.15;1
08/03/2022;31.16;1
09/03/2022;31.24;1
10/03/2022;27.09;1
11/03/2022;21.62;1
12/03/2022;19.58;1
13/03/2022;23.72;1
14/03/2022;25.29;0
15/03/2022;26.81;1
16/03/2022;25.99;1
17/03/2022;29.12;0
18/03/2022;28.6;1
19/03/2022;22.91;1
20/03/2022;24.55;0
21/03/2022;25.38;0
22/03/2022;26.36;1
23/03/2022;19.68;1
24/03/2022;20.57;1
25/03/2022;22.49;1
26/03/2022;22.72;0
27/03/2022;24.9;0
28/03/2022;27.42;0
29/03/2022;28.27;0
30/03/2022;21.82;1
31/03/2022;16.78;1
01/04/2022;20.21;0
02/04/2022;21.94;0
03/04/2022;23.08;0
04/04/2022;20.76;1
05/04/2022;23.71;1
06/04/2022;27.3;1
07/04/2022;20.53;1
08/04/2022;21.2;1
09/04/2022;24.8;0
10/04/2022;22.7;1
11/04/2022;19.75;1
12/04/2022;20.07;1
13/04/2022;22.95;0
14/04/2022;19.74;0
15/04/2022;19.18;0
16/04/2022;21.46;0
17/04/2022;21.18;0
18/04/2022;22.19;0
19/04/2022;23.82;0
20/04/2022;24.81;0
21/04/2022;22.93;1
22/04/2022;19.39;1
23/04/2022;19.97;1
24/04/2022;24.65;0
25/04/2022;26.04;0
26/04/2022;26.48;1
27/04/2022;28.15;0
28/04/2022;26.26;1
29/04/2022;19.84;1
30/04/2022;21.4;1
01/05/2022;22.4;1
02/05/2022;19.3;1
03/05/2022;15.33;1
04/05/2022;15.96;1
05/05/2022;18.75;0
06/05/2022;20.46;0
07/05/2022;19.55;0
08/05/2022;18.99;0
09/05/2022;20.35;0
10/05/2022;16.31;1
11/05/2022;17.52;0
12/05/2022;17.91;0
13/05/2022;19.38;0
14/05/2022;17.13;1
15/05/2022;16.81;0
16/05/2022;13.31;0
17/05/2022;8.15;0
18/05/2022;9.11;0
19/05/2022;10.95;0
20/05/2022;14.87;0
21/05/2022;16.18;0
22/05/2022;16.82;1
23/05/2022;19.64;1
24/05/2022;21.98;0
25/05/2022;23.21;0
26/05/2022;18.41;1
27/05/2022;17.01;1
28/05/2022;16.34;1
29/05/2022;16.25;1
30/05/2022;13.22;1
31/05/2022;11.86;1
01/06/2022;11.82;1
02/06/2022;10.19;1
03/06/2022;12.86;0
04/06/2022;16.41;0
05/06/2022;17.19;0
06/06/2022;17.28;1
07/06/2022;16.1;1
08/06/2022;17.09;0
09/06/2022;15.4;1
10/06/2022;14.43;1
11/06/2022;9.73;1
12/06/2022;11.45;0
13/06/2022;17.14;0
14/06/2022;16.78;0
15/06/2022;19.14;1
16/06/2022;22.15;0
17/06/2022;17.03;1
18/06/2022;11.45;0
19/06/2022;16.19;0
20/06/2022;18.15;0
21/06/2022;19.17;1
22/06/2022;21.55;1
23/06/2022;19.83;1
24/06/2022;20.84;1
25/06/2022;18.99;0
26/06/2022;17.41;0
27/06/2022;17.79;0
28/06/2022;20;0
29/06/2022;15.25;0
30/06/2022;17.79;0
01/07/2022;19.37;0
02/07/2022;22.98;0
03/07/2022;23.78;0
04/07/2022;23.35;0
05/07/2022;21.99;1
06/07/2022;21.36;1
07/07/2022;22.31;1
08/07/2022;22.55;0
09/07/2022;22.08;0
10/07/2022;21.67;0
11/07/2022;22.84;1
12/07/2022;16;1
13/07/2022;16.05;1
14/07/2022;18.83;1
15/07/2022;21.47;0
16/07/2022;20.51;1
17/07/2022;12.98;1
18/07/2022;18.07;1
19/07/2022;20.2;1
20/07/2022;22.13;0
21/07/2022;22.62;0
22/07/2022;23.48;0
23/07/2022;23.57;0
24/07/2022;23.86;0
25/07/2022;23.93;0
26/07/2022;23.91;0
27/07/2022;22.13;0
28/07/2022;23.73;1
29/07/2022;14.28;1
30/07/2022;16.04;0
31/07/2022;18.49;0
01/08/2022;21.92;0
02/08/2022;25.34;0
03/08/2022;24.66;0
04/08/2022;20.42;1
05/08/2022;15.51;0
06/08/2022;15.55;1
07/08/2022;13.87;1
08/08/2022;16.97;1
09/08/2022;11.92;1
10/08/2022;10.98;1
11/08/2022;16.25;0
12/08/2022;17.61;0
13/08/2022;19.6;1
14/08/2022;22.97;0
15/08/2022;25.38;1
16/08/2022;18.93;1
17/08/2022;17.61;1
18/08/2022;14.33;1
19/08/2022;9.46;0
20/08/2022;15.61;0
21/08/2022;16.8;0
22/08/2022;17.79;0
23/08/2022;21.12;0
24/08/2022;22.29;0
25/08/2022;23.43;0
26/08/2022;24.42;0
27/08/2022;24.05;0
28/08/2022;18.45;1
29/08/2022;14.43;0
30/08/2022;16.2;0
31/08/2022;19.19;0
01/09/2022;23.76;0
02/09/2022;17.37;1
03/09/2022;13.8;0
04/09/2022;16.44;1
05/09/2022;14.45;1
06/09/2022;14.38;1
07/09/2022;16.77;1
08/09/2022;26.26;0
09/09/2022;25.78;1
10/09/2022;20.07;0
11/09/2022;18.73;1
12/09/2022;15.06;1
13/09/2022;20.28;1
14/09/2022;17.38;1
15/09/2022;17.86;1
16/09/2022;19.23;0
17/09/2022;18.96;0
18/09/2022;20.49;0
19/09/2022;13.31;1
20/09/2022;22.65;0
21/09/2022;18.62;1
22/09/2022;17.19;0
23/09/2022;14.73;0
24/09/2022;20.33;1
25/09/2022;15.24;1
26/09/2022;17.59;1
27/09/2022;17.69;1
28/09/2022;16.54;1
29/09/2022;14.4;1
30/09/2022;18.48;1
01/10/2022;21.01;0
02/10/2022;21.53;0
03/10/2022;20.62;0
04/10/2022;23.02;0
05/10/2022;23.77;1
06/10/2022;18.3;1
07/10/2022;18.28;1
08/10/2022;20.64;0
09/10/2022;18.34;1
10/10/2022;14.95;1
11/10/2022;15.22;1
12/10/2022;16.99;1
13/10/2022;22.07;1
14/10/2022;18.66;1
15/10/2022;21.6;1
16/10/2022;22.83;1
17/10/2022;23.46;1
18/10/2022;17.38;1
19/10/2022;24.59;1
20/10/2022;16.11;1
21/10/2022;20.46;0
22/10/2022;21.9;0
23/10/2022;23.85;0
24/10/2022;24.54;0
25/10/2022;26.4;0
26/10/2022;27.56;0
27/10/2022;23.78;1
28/10/2022;26.79;0
29/10/2022;21.24;1
30/10/2022;20.12;1
31/10/2022;17.37;1
01/11/2022;12.96;0
02/11/2022;15.18;0
03/11/2022;19.72;0
04/11/2022;20.74;0
05/11/2022;20.9;0
06/11/2022;20.57;1
07/11/2022;20.52;0
08/11/2022;21.82;0
09/11/2022;23.98;0
10/11/2022;26.69;0
11/11/2022;21.25;1
12/11/2022;24.04;1
13/11/2022;20.63;1
14/11/2022;23.43;1
15/11/2022;23.51;0
16/11/2022;24.91;0
17/11/2022;26.14;0
18/11/2022;26.7;0
19/11/2022;26.35;0
20/11/2022;28.18;0
21/11/2022;25.23;1
22/11/2022;22.18;1
23/11/2022;25.74;0
24/11/2022;25.41;0
25/11/2022;26.03;0
26/11/2022;26.53;0
27/11/2022;25.81;1
28/11/2022;23.1;0
29/11/2022;25.7;1
30/11/2022;25.38;1
01/12/2022;26.91;1
02/12/2022;27.76;1
03/12/2022;27.5;1
04/12/2022;27.16;1
05/12/2022;26.1;0
06/12/2022;27.61;1
07/12/2022;29.33;0
08/12/2022;30.56;1
09/12/2022;31.13;1
10/12/2022;29.71;1
11/12/2022;29.39;1
12/12/2022;27.52;1
13/12/2022;23.88;1
14/12/2022;25.98;0
15/12/2022;26.66;0
16/12/2022;24.64;0
17/12/2022;25.51;0
18/12/2022;21.15;1
19/12/2022;23.72;1
20/12/2022;24.21;1
21/12/2022;25;1
22/12/2022;25.02;0
23/12/2022;24.64;0
24/12/2022;27.38;1
25/12/2022;25.56;1
26/12/2022;27.06;0
27/12/2022;26.3;1
28/12/2022;25.31;1
29/12/2022;26.49;0
30/12/2022;27.84;0
31/12/2022;27.49;0
01/01/2023;30.08;0
02/01/2023;23.37;1
03/01/2023;25.83;1
04/01/2023;23.41;1
05/01/2023;25.83;0
06/01/2023;25.18;0
07/01/2023;24.71;0
08/01/2023;24.51;0
09/01/2023;26.28;0
10/01/2023;26.18;1
11/01/2023;27.36;0
12/01/2023;27.79;1
13/01/2023;23.91;1
14/01/2023;23.78;1
15/01/2023;24.95;1
16/01/2023;27.61;1
17/01/2023;28.31;1
18/01/2023;26.7;1
19/01/2023;26.37;1
20/01/2023;26.89;0
21/01/2023;28.45;1
22/01/2023;25.08;1
23/01/2023;27.85;1
24/01/2023;28.85;0
25/01/2023;29.84;0
26/01/2023;29.31;0
27/01/2023;27.72;0
28/01/2023;30.16;0
29/01/2023;27.07;1
30/01/2023;26.48;1
31/01/2023;25.94;1
01/02/2023;27.67;0
02/02/2023;27.32;1
03/02/2023;22.13;1
04/02/2023;23.57;0
05/02/2023;25.37;0
06/02/2023;27.07;0
07/02/2023;28.55;0
08/02/2023;28.52;0
09/02/2023;28.06;1
10/02/2023;25.59;1
11/02/2023;25.97;1
12/02/2023;28.07;0
13/02/2023;28.96;1
14/02/2023;25.15;1
15/02/2023;22.94;1
16/02/2023;26.03;1
17/02/2023;21.19;1
18/02/2023;19.16;0
19/02/2023;22.05;1
20/02/2023;16.26;1
21/02/2023;23.67;1
22/02/2023;26.69;1
23/02/2023;22.83;1
24/02/2023;22.16;1
25/02/2023;25.17;0
26/02/2023;21.31;1
27/02/2023;24.17;1
28/02/2023;24.98;1
01/03/2023;26.05;1
02/03/2023;24.69;1
03/03/2023;20.7;1
04/03/2023;25.29;1
05/03/2023;24.19;0
06/03/2023;24.04;1
07/03/2023;26.18;0
08/03/2023;27.03;1
09/03/2023;23.63;1
10/03/2023;26.25;1
11/03/2023;24.95;0
12/03/2023;24.81;0
13/03/2023;23.53;1
14/03/2023;24.4;1
15/03/2023;24.72;1
16/03/2023;25.65;0
17/03/2023;28.09;0
18/03/2023;27.85;0
19/03/2023;28.46;0
20/03/2023;28.14;1
21/03/2023;28.91;1
22/03/2023;28.22;1
23/03/2023;28.56;1
24/03/2023;28.08;1
25/03/2023;27.14;1
26/03/2023;24.04;1
27/03/2023;25.22;0
28/03/2023;26.42;0
29/03/2023;27.85;1
30/03/2023;22.75;1
31/03/2023;26.48;0
01/04/2023;26.26;0
02/04/2023;25.46;0
03/04/2023;25.96;0
04/04/2023;26.85;0
05/04/2023;23.69;1
06/04/2023;16.91;1
07/04/2023;17.81;1
08/04/2023;22.29;1
09/04/2023;24.25;0
10/04/2023;24.89;0
11/04/2023;25.41;0
12/04/2023;26.04;0
13/04/2023;23.31;1
14/04/2023;21.65;1
15/04/2023;20.4;0
16/04/2023;19.95;1
17/04/2023;20.04;1
18/04/2023;19.08;0
19/04/2023;16;0
20/04/2023;16.26;0
21/04/2023;19.94;0
22/04/2023;20.59;0
23/04/2023;22.11;0
24/04/2023;22.75;0
25/04/2023;21.19;1
26/04/2023;19.96;1
27/04/2023;19.04;0
28/04/2023;21.34;0
29/04/2023;21.67;0
30/04/2023;22.19;0
01/05/2023;24.2;1
02/05/2023;23.38;1
03/05/2023;20.63;1
04/05/2023;20.5;1
05/05/2023;22.95;1
06/05/2023;24.36;1
07/05/2023;23.56;1
08/05/2023;19.55;1
09/05/2023;19.74;1
10/05/2023;18.38;0
11/05/2023;16.75;1
12/05/2023;16.36;0
13/05/2023;17.87;0
14/05/2023;20.73;0
15/05/2023;23.03;0
16/05/2023;22.43;0
17/05/2023;22.38;0
18/05/2023;22.71;0
19/05/2023;22.62;0
20/05/2023;20.93;1
21/05/2023;18.29;1
22/05/2023;17.55;1
23/05/2023;24.26;0
24/05/2023;23.33;0
25/05/2023;23.13;0
26/05/2023;22.9;1
27/05/2023;18.36;1
28/05/2023;15.33;1
29/05/2023;17.83;0
30/05/2023;17.24;1
31/05/2023;19.79;0
01/06/2023;20.67;0
02/06/2023;19.3;0
03/06/2023;20.97;0
04/06/2023;21.84;0
05/06/2023;20.85;0
06/06/2023;20.81;0
07/06/2023;21.02;0
08/06/2023;22.2;0
09/06/2023;22.46;0
10/06/2023;22.43;0
11/06/2023;18.72;1
12/06/2023;12.88;1
13/06/2023;8.57;1
14/06/2023;11.66;1
15/06/2023;11;1
16/06/2023;12.35;0
17/06/2023;12.2;0
18/06/2023;14.43;0
19/06/2023;16.64;0
20/06/2023;17.5;0
21/06/2023;17.71;1
22/06/2023;18.8;1
23/06/2023;15.98;1
24/06/2023;23.01;1
25/06/2023;22.83;0
26/06/2023;22.3;0
27/06/2023;21.46;0
28/06/2023;20.2;0
29/06/2023;18.33;0
30/06/2023;18.56;0
01/07/2023;20.5;0
02/07/2023;20.44;0
03/07/2023;18.62;0
04/07/2023;18.5;0
05/07/2023;20.32;0
06/07/2023;21.54;0
07/07/2023;20.64;0
08/07/2023;18.29;1
09/07/2023;19.2;1
10/07/2023;15.84;1
11/07/2023;18.67;1
12/07/2023;19.75;1
13/07/2023;13.37;0
14/07/2023;9.51;0
15/07/2023;14.21;0
16/07/2023;18.38;0
17/07/2023;14.48;1
18/07/2023;12.74;1
19/07/2023;15.06;0
20/07/2023;18.84;0
21/07/2023;21.6;0
22/07/2023;22.17;0
23/07/2023;23.01;0
24/07/2023;22.66;0
25/07/2023;23.21;0
26/07/2023;21.65;1
27/07/2023;19.15;1
28/07/2023;15.43;1
29/07/2023;16.32;0
30/07/2023;19.64;0
31/07/2023;21.05;0
01/08/2023;22.84;0
02/08/2023;22.02;0
03/08/2023;24.16;0
04/08/2023;24.83;0
05/08/2023;25.38;0
06/08/2023;24.8;0
07/08/2023;23.29;1
08/08/2023;17.44;1
09/08/2023;15.38;1
10/08/2023;20.42;0
11/08/2023;18.75;1
12/08/2023;15.12;1
13/08/2023;13.95;0
14/08/2023;20.81;0
15/08/2023;23.31;0
16/08/2023;24.2;0
17/08/2023;25.19;0
18/08/2023;22.92;1
19/08/2023;18.2;1
20/08/2023;16.74;0
21/08/2023;22.72;0
22/08/2023;25.34;0
23/08/2023;28.21;0
24/08/2023;22.61;0
25/08/2023;17.81;0
26/08/2023;14.05;0
27/08/2023;15.23;0
28/08/2023;16.01;0
29/08/2023;18.91;0
30/08/2023;22.4;0
31/08/2023;24.6;0
01/09/2023;18.77;1
02/09/2023;16.45;1
03/09/2023;25.14;1
04/09/2023;23.88;1
05/09/2023;17.99;1
06/09/2023;19.54;0
07/09/2023;21.72;0
08/09/2023;16.14;1
09/09/2023;19.02;1
10/09/2023;23.07;0
11/09/2023;27.34;0
12/09/2023;26.94;1
13/09/2023;20.21;1
14/09/2023;14.78;0
15/09/2023;19.84;0
16/09/2023;25.03;0
17/09/2023;29.25;0
18/09/2023;29.35;0
19/09/2023;21.93;1
20/09/2023;27.78;0
21/09/2023;29.27;1
22/09/2023;27.54;1
23/09/2023;28.63;0
24/09/2023;31.02;0
25/09/2023;26.88;1
26/09/2023;29.83;1
27/09/2023;17.54;1
28/09/2023;19.84;0
29/09/2023;21.07;0
30/09/2023;19.87;1
01/10/2023;21.73;0
02/10/2023;24.05;0
03/10/2023;26.53;1
04/10/2023;20.56;1
05/10/2023;19.75;0
06/10/2023;23.03;1
07/10/2023;19.3;1
08/10/2023;15.85;1
09/10/2023;20.58;0
10/10/2023;24.39;0
11/10/2023;24.98;1
12/10/2023;15.75;1
